kirti,Classics,BLACK BEAUTY,Already Read

kirti,Fantasy,HUNGER GAMES,TBR

kirti,Romance,CHEAT SHEET,Already Read

aayush,Classics,1,Already Read

aayush,12,33,TBR

ani,Classics,invisible man,TBR

ani,Romance,acotar,Already Read

ANII,Sci-Fi,NASA,Already Read

tyle,Fantasy,six of crows,TBR

tyle,Classics,pride and prejudice,Already Read

mona,Classics,jane eyre,TBR

saraa,Fantasy,lord od rings #1,TBR

lisaa,Suspense and Thriller,good girl and bad blood,TBR

nicholas,Sci-Fi,Blindsight,TBR

mona,Suspense and Thriller,verity,TBR

mona,Autobiography/Biography,Diary of a young girl,Already Read

